Famille;Sous-famille;Désignation;Code article;Code EAN;Fournisseur;Conditionnement;Type date limite;DLC secondaire par défaut;Pas de modification du délai de conservation;DDM secondaire par défaut;Pas de modification du délai de conservation;Produits Entamés - Délai de prévenance avant péremption en jour;Stock - Délai de prévenance avant péremption en jour;Délais de prévenance après dépot en heure;Conformit Température;Température minimale;Température maximale;Conformité DLC / DDM / Date d'abattage;Activer l'envoi de notification;Type;Nombre de jours;Contrôle MSC;Etiquette - DLC;Etiquette - DDM;Etiquette - Ingrédient DLC;Etiquette - Ingrédient DDM;Etiquette par defaut;Ingrédients;Stock
Charcuteries;Charcuteries;JAMBON ITALIEN DE FARNESE;10005;;ITAL GASTRONOMIE;env. 7 kg;;;;;;;;;;;;;;;;;;;;;;;
Charcuteries;Charcuteries;JAMBON BLANC CUIT AUX HERBES type Rostello;11001;;ITAL GASTRONOMIE;env. 7,5 kg;;;;;;;;;;;;;;;;;;;;;;;
Charcuteries;Charcuteries;PORCHETTA ROTI DE PORC;12045;;ITAL GASTRONOMIE;env. 5,2 kg;;;;;;;;;;;;;;;;;;;;;;;
Charcuteries;Charcuteries;COPPA ENTIERE DI PARMA IGP;12089;;ITAL GASTRONOMIE;env. 2 kg;;;;;;;;;;;;;;;;;;;;;;;
Charcuteries;Charcuteries;MORTADELLE BOLOGNE IGP PISTACHE;12150;;ITAL GASTRONOMIE;env. 3,3 kg;;;;;;;;;;;;;;;;;;;;;;;
Charcuteries;Charcuteries;SPECK DEMI;12074;;ITAL GASTRONOMIE;env. 2,5 kg;;;;;;;;;;;;;;;;;;;;;;;
Charcuteries;Charcuteries;FINOCCHIONA;12095;;ITAL GASTRONOMIE;env. 3 kg;;;;;;;;;;;;;;;;;;;;;;;
Produits laitiers & oeufs;Fromages;PROVOLONE CACIOCAVALLO AFFUMICATO;20181;;ITAL GASTRONOMIE;env. 1,5 kg;;;;;;;;;;;;;;;;;;;;;;;
Produits laitiers & oeufs;Fromages;MOZZARELLA BUFFLONNE DOP;20396;;ITAL GASTRONOMIE;125 g;;;;;;;;;;;;;;;;;;;;;;;
Produits laitiers & oeufs;Fromages;MOZZA PETITE TRESSE BUFFLONNE DOP;20436;;ITAL GASTRONOMIE;250 g;;;;;;;;;;;;;;;;;;;;;;;
Produits laitiers & oeufs;Fromages;STRACCIATELLA;20572;;ITAL GASTRONOMIE;250 g;;;;;;;;;;;;;;;;;;;;;;;
Produits laitiers & oeufs;Fromages;BURRATA 5X50G;20611;;ITAL GASTRONOMIE;250 g;;;;;;;;;;;;;;;;;;;;;;;
Produits laitiers & oeufs;Fromages;PARMIGIANO REGGIANO DOP RAPE;20204;;ITAL GASTRONOMIE;500 g;;;;;;;;;;;;;;;;;;;;;;;
Produits laitiers & oeufs;Fromages;ASIAGO PRESSAO DOP;20429;;ITAL GASTRONOMIE;1/4;;;;;;;;;;;;;;;;;;;;;;;
Boulangerie;Pains & assimilés;GRISSINI POCHE DE 22 SACHETS;30002;;ITAL GASTRONOMIE;22 sachets;;;;;;;;;;;;;;;;;;;;;;;
Boulangerie;Pains & assimilés;GRISSINI ROMARIN;30017;;ITAL GASTRONOMIE;250 g;;;;;;;;;;;;;;;;;;;;;;;
Épicerie;Légumes & conserves;ANTIPASTO RUSTICO;30336;;ITAL GASTRONOMIE;314 ml;;;;;;;;;;;;;;;;;;;;;;;
Fruits & légumes;Légumes;POIVRON GRILLE;30342;;ITAL GASTRONOMIE;314 ml;;;;;;;;;;;;;;;;;;;;;;;
Fruits & légumes;Légumes;TOMATE SECHEE LBDC;30354;;ITAL GASTRONOMIE;314 ml;;;;;;;;;;;;;;;;;;;;;;;
Fruits & légumes;Légumes;AIL CONFIT;30554;;ITAL GASTRONOMIE;314 ml;;;;;;;;;;;;;;;;;;;;;;;
Épicerie;Sauces & condiments;PESTO ALLA GENOVESE DOP;30383;;ITAL GASTRONOMIE;180 g;;;;;;;;;;;;;;;;;;;;;;;
Épicerie;Sauces & condiments;SAUCE AMATRICIANA;34009;;ITAL GASTRONOMIE;180 g;;;;;;;;;;;;;;;;;;;;;;;
Fruits & légumes;Légumes;PESTO TOMATES SECHEES DOP;34045;;ITAL GASTRONOMIE;180 g;;;;;;;;;;;;;;;;;;;;;;;
Produits laitiers & oeufs;Crèmerie;CREME AUX OLIVES VERTES;34050;;ITAL GASTRONOMIE;180 g;;;;;;;;;;;;;;;;;;;;;;;
Boulangerie;Pains & assimilés;TARALLI SESAME;30540;;ITAL GASTRONOMIE;250 g;;;;;;;;;;;;;;;;;;;;;;;
Épicerie;Sauces & condiments;PESTO A LA GENOVESE MONTI;30552;;ITAL GASTRONOMIE;900 g;;;;;;;;;;;;;;;;;;;;;;;
Pâtes riz & féculents;Pâtes et féculents;POLENTA DE CECCO;31112;;ITAL GASTRONOMIE;375 g;;;;;;;;;;;;;;;;;;;;;;;
Fruits & légumes;Légumes;GNOCCHI POMME DE TERRE;32211;;ITAL GASTRONOMIE;2 kg;;;;;;;;;;;;;;;;;;;;;;;
Pâtes riz & féculents;Pâtes et féculents;PAPPARDELLE;GRPF03;;ITAL GASTRONOMIE;1 kg;;;;;;;;;;;;;;;;;;;;;;;
Pâtes riz & féculents;Pâtes et féculents;LASAGNE FEUILLE;GRPF09;;ITAL GASTRONOMIE;2 kg;;;;;;;;;;;;;;;;;;;;;;;
Épicerie;Légumes & conserves;DELIZIA ASPERGES;GRRI07;;ITAL GASTRONOMIE;1 kg;;;;;;;;;;;;;;;;;;;;;;;
Charcuteries;Charcuteries;SACCOTTINO JAMBON CRU;32273;;ITAL GASTRONOMIE;1 kg;;;;;;;;;;;;;;;;;;;;;;;
Desserts & pâtisserie;Desserts;CANNOLI SICILIEN PISTACHE;35429;;ITAL GASTRONOMIE;1,5 kg;;;;;;;;;;;;;;;;;;;;;;;
Fruits & légumes;Fruits;CANNOLI SICILIEN CITRON;35443;;ITAL GASTRONOMIE;1,5 kg;;;;;;;;;;;;;;;;;;;;;;;
Desserts & pâtisserie;Desserts;CANNOLI SICILIEN GIANDUJA;35444;;ITAL GASTRONOMIE;1,5 kg;;;;;;;;;;;;;;;;;;;;;;;
Desserts & pâtisserie;Desserts;TROTTOLE FRUTTI DI BOSCO;35456;;ITAL GASTRONOMIE;1,5 kg;;;;;;;;;;;;;;;;;;;;;;;
Boissons;Sans alcool;GASSOSA BONA;53101;;ITAL GASTRONOMIE;275 ml;;;;;;;;;;;;;;;;;;;;;;;
Boissons;Sans alcool;MANDARINATA BONA;53103;;ITAL GASTRONOMIE;275 ml;;;;;;;;;;;;;;;;;;;;;;;
Boissons;Sans alcool;COLA BONA;53104;;ITAL GASTRONOMIE;275 ml;;;;;;;;;;;;;;;;;;;;;;;
Boissons;Sans alcool;ROSE & LEMON BONA;53114;;ITAL GASTRONOMIE;275 ml;;;;;;;;;;;;;;;;;;;;;;;
Fruits & légumes;Fruits;THE CITRON BONA;53123;;ITAL GASTRONOMIE;275 ml;;;;;;;;;;;;;;;;;;;;;;;
Boissons;Sans alcool;THE PECHE BONA;53124;;ITAL GASTRONOMIE;275 ml;;;;;;;;;;;;;;;;;;;;;;;
Boissons;Sans alcool;THE FLEUR DE SUREAU BONA;53125;;ITAL GASTRONOMIE;275 ml;;;;;;;;;;;;;;;;;;;;;;;
Boissons;Alcools;BIERE PORETTI 4 LUPPOLI 5°;42009;;ITAL GASTRONOMIE;33 cl;;;;;;;;;;;;;;;;;;;;;;;
Boissons;Alcools;BIERE BLONDE MARECHIARO 5,2°;42013;;ITAL GASTRONOMIE;33 cl;;;;;;;;;;;;;;;;;;;;;;;
Boissons;Alcools;REGOLO ROSSO VALPOLICELLA RIPASSO;40028;;ITAL GASTRONOMIE;75 cl;;;;;;;;;;;;;;;;;;;;;;;
Boissons;Alcools;CHIANTI PONTORMO DOCG;44379;;ITAL GASTRONOMIE;75 cl;;;;;;;;;;;;;;;;;;;;;;;
Boissons;Alcools;BARBERA D'ALBA DOC;44412;;ITAL GASTRONOMIE;75 cl;;;;;;;;;;;;;;;;;;;;;;;
Boissons;Sans alcool;EAU PETILLANTE CRISTALINE;74017;;PMC SAINTES / PROMOCASH;1,5 L;;;;;;;;;;;;;;;;;;;;;;;
Poissons & fruits de mer;Poissons;FILET MERLU;370006;;PMC SAINTES / PROMOCASH;1 kg;;;;;;;;;;;;;;;;;;;;;;;
Viandes;Volaille;FILET POULET SOUS VIDE HALAL UE;387879;;PMC SAINTES / PROMOCASH;2,5 kg;;;;;;;;;;;;;;;;;;;;;;;
Épicerie;Légumes & conserves;FEVES PELEES;345045;;PMC SAINTES / PROMOCASH;1 kg;;;;;;;;;;;;;;;;;;;;;;;
Fruits & légumes;Fruits;KIWI;629931;;PMC SAINTES / PROMOCASH;pièce;;;;;;;;;;;;;;;;;;;;;;;
Fruits & légumes;Salades;SALADE ROQUETTE JEUNES POUSSES;645549;;PMC SAINTES / PROMOCASH;250 g;;;;;;;;;;;;;;;;;;;;;;;
Produits laitiers & oeufs;Crèmerie;MINI BLINIS AU BEURRE;370968;;PMC SAINTES / PROMOCASH;120 x 5 g;;;;;;;;;;;;;;;;;;;;;;;
Fruits & légumes;Salades;SALADE FEUILLE DE CHENE ROUGE;645937;;PMC SAINTES / PROMOCASH;500 g;;;;;;;;;;;;;;;;;;;;;;;
Fruits & légumes;Fruits;CITRON JAUNE;635972;;PMC SAINTES / PROMOCASH;kg;;;;;;;;;;;;;;;;;;;;;;;
Fruits & légumes;Légumes;TOMATE;640016;;PMC SAINTES / PROMOCASH;kg;;;;;;;;;;;;;;;;;;;;;;;
Boissons;Sans alcool;EAU SOURCE CRISTALINE;74015;;PMC SAINTES / PROMOCASH;1,5 L;;;;;;;;;;;;;;;;;;;;;;;
Épicerie;Huiles;HUILE OLIVE VIERGE EXTRA SANTOLIVA;648150;;PMC SAINTES / PROMOCASH;5 L;;;;;;;;;;;;;;;;;;;;;;;
Charcuteries;Charcuteries;JAMBON CRU PETALES;136115;;PMC SAINTES / PROMOCASH;500 g;;;;;;;;;;;;;;;;;;;;;;;
Fruits & légumes;Légumes;CONCOMBRE;642088;;PMC SAINTES / PROMOCASH;pièce;;;;;;;;;;;;;;;;;;;;;;;
Boissons;Alcools;KRONENBOURG 1664;91397;;PMC SAINTES / PROMOCASH;6 x 25 cl;;;;;;;;;;;;;;;;;;;;;;;
Fruits & légumes;Fruits;CITRON VERT;638295;;PMC SAINTES / PROMOCASH;kg;;;;;;;;;;;;;;;;;;;;;;;
Boissons;Alcools;VIN ROSE GABARE BLEUE;24504;;PMC SAINTES / PROMOCASH;3 L;;;;;;;;;;;;;;;;;;;;;;;
Boissons;Alcools;VIN MERLOT GABARE BLEUE;24505;;PMC SAINTES / PROMOCASH;3 L;;;;;;;;;;;;;;;;;;;;;;;
Boissons;Alcools;VIN SAUVIGNON GABARE BLEUE;24503;;PMC SAINTES / PROMOCASH;3 L;;;;;;;;;;;;;;;;;;;;;;;
Desserts & pâtisserie;Desserts;GLACE NOIX DE COCO RAPEE;371731;;PMC SAINTES / PROMOCASH;1,237 kg;;;;;;;;;;;;;;;;;;;;;;;
Fruits & légumes;Légumes;COCKTAIL FRUITS ROUGES;302089;;PMC SAINTES / PROMOCASH;1 kg;;;;;;;;;;;;;;;;;;;;;;;
Produits laitiers & oeufs;Oeufs;OEUFS TOUS CALIBRES;399173;;PMC SAINTES / PROMOCASH;30 œufs;;;;;;;;;;;;;;;;;;;;;;;
Poissons & fruits de mer;Poissons;SAUMON FUME TRANCHETTES;341226;;PMC SAINTES / PROMOCASH;500 g;;;;;;;;;;;;;;;;;;;;;;;
Fruits & légumes;Herbes fraîches;BASILIC;663495;;PMC SAINTES / PROMOCASH;100 g;;;;;;;;;;;;;;;;;;;;;;;
Fruits & légumes;Légumes;AIL EN CUBES;369100;;PMC SAINTES / PROMOCASH;250 g;;;;;;;;;;;;;;;;;;;;;;;
Charcuteries;Charcuteries;POITRINE FUMEE TRANCHEE;424747;;PMC SAINTES / PROMOCASH;800 g;;;;;;;;;;;;;;;;;;;;;;;
Viandes;Porc;SAUCISSE DE TOULOUSE;422260;;PMC SAINTES / PROMOCASH;kg;;;;;;;;;;;;;;;;;;;;;;;
Fruits & légumes;Légumes;TOMATE SECHEE HUILE OLIVE;646153;;PMC SAINTES / PROMOCASH;500 g;;;;;;;;;;;;;;;;;;;;;;;
Fruits & légumes;Légumes;TOMATE ENTIERE PELEE AU JUS;646162;;PMC SAINTES / PROMOCASH;4/4;;;;;;;;;;;;;;;;;;;;;;;
Produits laitiers & oeufs;Crèmerie;CREME FRAICHE EPAISSE 30%;399168;;PMC SAINTES / PROMOCASH;50 cl;;;;;;;;;;;;;;;;;;;;;;;
Boulangerie;Pains & assimilés;PAIN DE MIE NATURE;164116;;PMC SAINTES / PROMOCASH;550 g;;;;;;;;;;;;;;;;;;;;;;;
Poissons & fruits de mer;Poissons;OEUFS DE LOMPE NOIRS;341254;;PMC SAINTES / PROMOCASH;100 g;;;;;;;;;;;;;;;;;;;;;;;
Épicerie;Sauces & condiments;MAYONNAISE SAXO;624406;;PMC SAINTES / PROMOCASH;875 g;;;;;;;;;;;;;;;;;;;;;;;
Épicerie;Légumes & conserves;MAIS SANS SUCRE AJOUTE;348144;;PMC SAINTES / PROMOCASH;4/4;;;;;;;;;;;;;;;;;;;;;;;
Épicerie;Légumes & conserves;POIS CHICHES;348058;;PMC SAINTES / PROMOCASH;4/4;;;;;;;;;;;;;;;;;;;;;;;
Pâtes riz & féculents;Pâtes et féculents;COUSCOUS MOYEN REGIA;198007;;PMC SAINTES / PROMOCASH;500 g;;;;;;;;;;;;;;;;;;;;;;;
Boissons;Sans alcool;JUS ANANAS;82314;;PMC SAINTES / PROMOCASH;1 L;;;;;;;;;;;;;;;;;;;;;;;
Fruits & légumes;Fruits;JUS DE POMME SAXO;79088;;PMC SAINTES / PROMOCASH;1 L;;;;;;;;;;;;;;;;;;;;;;;
Boissons;Sans alcool;CRANBERRY GRANINI;79158;;PMC SAINTES / PROMOCASH;1 L;;;;;;;;;;;;;;;;;;;;;;;
Boissons;Sans alcool;PUR JUS ORANGE SAXO;79090;;PMC SAINTES / PROMOCASH;1 L;;;;;;;;;;;;;;;;;;;;;;;
Épicerie;Épices & assaisonnements;GROS SEL ILE DE RE;384052;;PMC SAINTES / PROMOCASH;1 kg;;;;;;;;;;;;;;;;;;;;;;;
Épicerie;Épices & assaisonnements;BAIES DE GENIEVRE;626500;;PMC SAINTES / PROMOCASH;300 g;;;;;;;;;;;;;;;;;;;;;;;
Épicerie;Épices & assaisonnements;SEL FIN IODE CEREBOS;382005;;PMC SAINTES / PROMOCASH;500 g;;;;;;;;;;;;;;;;;;;;;;;
Boissons;Alcools;GIN BARMONS 37,5°;6246;;PMC SAINTES / PROMOCASH;70 cl;;;;;;;;;;;;;;;;;;;;;;;
Boissons;Sirops;SIROP GRENADINE SAXO;79177;;PMC SAINTES / PROMOCASH;1 L;;;;;;;;;;;;;;;;;;;;;;;
Produits laitiers & oeufs;Crèmerie;ASSAISONNEMENT BEURRE AIL;380096;;PMC SAINTES / PROMOCASH;250 g;;;;;;;;;;;;;;;;;;;;;;;
Fruits & légumes;Herbes fraîches;MENTHE;629660;;PMC SAINTES / PROMOCASH;100 g;;;;;;;;;;;;;;;;;;;;;;;
Fruits & légumes;Légumes;CHOU-FLEUR;640265;;PMC SAINTES / PROMOCASH;pièce;;;;;;;;;;;;;;;;;;;;;;;
Fruits & légumes;Herbes fraîches;PERSIL FRISE;641830;;PMC SAINTES / PROMOCASH;botte;;;;;;;;;;;;;;;;;;;;;;;
Fruits & légumes;Herbes fraîches;CIBOULETTE;638982;;PMC SAINTES / PROMOCASH;100 g;;;;;;;;;;;;;;;;;;;;;;;
Produits laitiers & oeufs;Fromages;FROMAGE FRAIS LAIT DE CHEVRE;396519;;PMC SAINTES / PROMOCASH;200 g;;;;;;;;;;;;;;;;;;;;;;;
Produits laitiers & oeufs;Fromages;MOZZARELLA;414058;;PMC SAINTES / PROMOCASH;125 g;;;;;;;;;;;;;;;;;;;;;;;
Fruits & légumes;Légumes;OIGNON JAUNE;662273;;PMC SAINTES / PROMOCASH;1 kg;;;;;;;;;;;;;;;;;;;;;;;
Épicerie;Sauces & condiments;GUACAMOLE SANTA FE;369194;;PMC SAINTES / PROMOCASH;500 g;;;;;;;;;;;;;;;;;;;;;;;
Fruits & légumes;Légumes;PATATE DOUCE;657465;;PMC SAINTES / PROMOCASH;kg;;;;;;;;;;;;;;;;;;;;;;;
Produits laitiers & oeufs;Fromages;FROMAGE A TARTINER AIL ET FINES HERBES;419221;;PMC SAINTES / PROMOCASH;150 g;;;;;;;;;;;;;;;;;;;;;;;
Fruits & légumes;Fruits;MANGUE KENT;825713;;PMC SAINTES / PROMOCASH;pièce;;;;;;;;;;;;;;;;;;;;;;;
Viandes;Canard;CONFIT DE CANARD 12 CUISSES ROUGIE;328036;;PMC SAINTES / PROMOCASH;5/1;;;;;;;;;;;;;;;;;;;;;;;
Poissons & fruits de mer;Poissons;TRUITE FUMEE;342246;;PMC SAINTES / PROMOCASH;120 g;;;;;;;;;;;;;;;;;;;;;;;
Poissons & fruits de mer;Poissons;THON EN MORCEAUX AU NATUREL;334147;;PMC SAINTES / PROMOCASH;600 g;;;;;;;;;;;;;;;;;;;;;;;
Poissons & fruits de mer;Fruits de mer;CHAIR DE CRABE;344164;;PMC SAINTES / PROMOCASH;454 g;;;;;;;;;;;;;;;;;;;;;;;
Poissons & fruits de mer;Poissons;MIETTES DE SURIMI;342305;;PMC SAINTES / PROMOCASH;500 g;;;;;;;;;;;;;;;;;;;;;;;
Produits laitiers & oeufs;Fromages;PARMIGIANO REGGIANO;414073;;PMC SAINTES / PROMOCASH;450 g;;;;;;;;;;;;;;;;;;;;;;;
Produits laitiers & oeufs;Fromages;EMMENTAL RAPE;408338;;PMC SAINTES / PROMOCASH;1 kg;;;;;;;;;;;;;;;;;;;;;;;
Produits laitiers & oeufs;Crèmerie;CREME FRAICHE EPAISSE 15%;396484;;PMC SAINTES / PROMOCASH;1 L;;;;;;;;;;;;;;;;;;;;;;;
Produits laitiers & oeufs;Crèmerie;LAIT UHT ENTIER ECHIRE;395106;;PMC SAINTES / PROMOCASH;1 L;;;;;;;;;;;;;;;;;;;;;;;
Produits laitiers & oeufs;Crèmerie;LAIT UHT DEMI-ECREME ECHIRE;395118;;PMC SAINTES / PROMOCASH;1 L;;;;;;;;;;;;;;;;;;;;;;;
Produits laitiers & oeufs;Crèmerie;MASCARPONE;408311;;PMC SAINTES / PROMOCASH;500 g;;;;;;;;;;;;;;;;;;;;;;;
Produits laitiers & oeufs;Crèmerie;BEURRE DOUX SAVENAY;402139;;PMC SAINTES / PROMOCASH;500 g;;;;;;;;;;;;;;;;;;;;;;;
Produits laitiers & oeufs;Crèmerie;YAOURT GREC HOTOS;396166;;PMC SAINTES / PROMOCASH;1 kg;;;;;;;;;;;;;;;;;;;;;;;
Fruits & légumes;Légumes;TOMATE PELEE CONCASSEE;604261;;PMC SAINTES / PROMOCASH;5/1;;;;;;;;;;;;;;;;;;;;;;;
Fruits & légumes;Légumes;CONCENTRE DE TOMATE 28/30;366214;;PMC SAINTES / PROMOCASH;4/4;;;;;;;;;;;;;;;;;;;;;;;
Épicerie;Épices & assaisonnements;POIVRE NOIR MOULU;624386;;PMC SAINTES / PROMOCASH;500 g;;;;;;;;;;;;;;;;;;;;;;;
Épicerie;Huiles;HUILE OLIVE VIERGE EXTRA;648079;;PMC SAINTES / PROMOCASH;1 L;;;;;;;;;;;;;;;;;;;;;;;
Desserts & pâtisserie;Desserts;CHOCOLAT NOIR DESSERT;202026;;PMC SAINTES / PROMOCASH;200 g;;;;;;;;;;;;;;;;;;;;;;;
Pâtes riz & féculents;Pâtes et féculents;RIZ SPECIAL DESSERT;194039;;PMC SAINTES / PROMOCASH;1 kg;;;;;;;;;;;;;;;;;;;;;;;
Boissons;Café;CAFE MOULU SAXO;612099;;PMC SAINTES / PROMOCASH;1 kg;;;;;;;;;;;;;;;;;;;;;;;
Poissons & fruits de mer;Poissons;FILETS D'ANCHOIS A L'HUILE;338048;;PMC SAINTES / PROMOCASH;340 g;;;;;;;;;;;;;;;;;;;;;;;
Produits laitiers & oeufs;Fromages;COMTE BLOC AOP;419040;;PMC SAINTES / PROMOCASH;kg;;;;;;;;;;;;;;;;;;;;;;;
Produits laitiers & oeufs;Fromages;CHEDDAR ROUGE BLOC;408116;;PMC SAINTES / PROMOCASH;kg;;;;;;;;;;;;;;;;;;;;;;;
Produits laitiers & oeufs;Fromages;CAMEMBERT LE RUSTIQUE;416173;;PMC SAINTES / PROMOCASH;250 g;;;;;;;;;;;;;;;;;;;;;;;
Épicerie;Sauces & condiments;KETCHUP;626389;;PMC SAINTES / PROMOCASH;5 L;;;;;;;;;;;;;;;;;;;;;;;
Épicerie;Sauces & condiments;MOUTARDE JAUNE EN GRAINES;624113;;PMC SAINTES / PROMOCASH;1 kg;;;;;;;;;;;;;;;;;;;;;;;
Épicerie;Sauces & condiments;MAYONNAISE DIJON PAUWELS;185194;;PMC SAINTES / PROMOCASH;5 L;;;;;;;;;;;;;;;;;;;;;;;
Épicerie;Légumes & conserves;CORNICHONS;628268;;PMC SAINTES / PROMOCASH;5/1;;;;;;;;;;;;;;;;;;;;;;;
Épicerie;Pâtisserie;CASSONADE;394019;;PMC SAINTES / PROMOCASH;1 kg;;;;;;;;;;;;;;;;;;;;;;;
Épicerie;Sucres & produits sucrants;MIEL DE FLEURS LIQUIDE;300089;;PMC SAINTES / PROMOCASH;1 kg;;;;;;;;;;;;;;;;;;;;;;;
Épicerie;Pâtisserie;AROME VANILLE;616181;;PMC SAINTES / PROMOCASH;1 L;;;;;;;;;;;;;;;;;;;;;;;
Pâtes riz & féculents;Pâtes et féculents;RIZ SPECIAL RISOTTO IGP CAMARGUE;194105;;PMC SAINTES / PROMOCASH;2,5 kg;;;;;;;;;;;;;;;;;;;;;;;
Épicerie;Sauces & condiments;PUREE DE SESAME TAHINI;616032;;PMC SAINTES / PROMOCASH;350 g;;;;;;;;;;;;;;;;;;;;;;;
Fruits & légumes;Légumes;ECHALOTE;372404;;PMC SAINTES / PROMOCASH;1 kg;;;;;;;;;;;;;;;;;;;;;;;
Fruits & légumes;Herbes fraîches;ANETH;638985;;PMC SAINTES / PROMOCASH;100 g;;;;;;;;;;;;;;;;;;;;;;;
Boulangerie;Pains & assimilés;PAIN D'EPICES;154059;;PMC SAINTES / PROMOCASH;470 g;;;;;;;;;;;;;;;;;;;;;;;
Fruits & légumes;Fruits;PUREE DE MANGUE;371269;;PMC SAINTES / PROMOCASH;1 kg;;;;;;;;;;;;;;;;;;;;;;;
Fruits & légumes;Fruits;PUREE DE FRUIT DE LA PASSION;371656;;PMC SAINTES / PROMOCASH;1 kg;;;;;;;;;;;;;;;;;;;;;;;
Produits laitiers & oeufs;Oeufs;OEUFS MOYENS;339512;;PMC SAINTES / PROMOCASH;90 œufs;;;;;;;;;;;;;;;;;;;;;;;
Épicerie;Pâtisserie;FARINE T55;178125;;PMC SAINTES / PROMOCASH;1 kg;;;;;;;;;;;;;;;;;;;;;;;
Épicerie;Pâtisserie;LEVURE HIRONDELLE;406061;;PMC SAINTES / PROMOCASH;12 x 42 g;;;;;;;;;;;;;;;;;;;;;;;
Produits laitiers & oeufs;Fromages;MOZZARELLA COSSETTE;419279;;PMC SAINTES / PROMOCASH;2,5 kg;;;;;;;;;;;;;;;;;;;;;;;
Charcuteries;Charcuteries;JAMBON BLANC SUPERIEUR;424242;;PMC SAINTES / PROMOCASH;500 g;;;;;;;;;;;;;;;;;;;;;;;
Épicerie;Huiles;HUILE CUISINOR;648058;;PMC SAINTES / PROMOCASH;20 L;;;;;;;;;;;;;;;;;;;;;;;
Produits laitiers & oeufs;Fromages;FROMAGE BLANC 20%;398283;;PMC SAINTES / PROMOCASH;1 kg;;;;;;;;;;;;;;;;;;;;;;;
Épicerie;Sauces & condiments;SAUCE WORCESTERSHIRE;632282;;PMC SAINTES / PROMOCASH;290 ml;;;;;;;;;;;;;;;;;;;;;;;
Boissons;Sans alcool;EVIAN;76018;;PMC SAINTES / PROMOCASH;6 x 50 cl;;;;;;;;;;;;;;;;;;;;;;;
Boissons;Sans alcool;BADOIT;100167;;PMC SAINTES / PROMOCASH;6 x 50 cl;;;;;;;;;;;;;;;;;;;;;;;
Boissons;Alcools;RHUM BLANC ST JAMES 40°;18030;;PMC SAINTES / PROMOCASH;3 L;;;;;;;;;;;;;;;;;;;;;;;
Viandes;Volaille;POULET JAUNE PAC;425119;;PMC SAINTES / PROMOCASH;kg;;;;;;;;;;;;;;;;;;;;;;;
Poissons & fruits de mer;Fruits de mer;CREVETTES DECORTIQUEES;380092;;PMC SAINTES / PROMOCASH;500 g;;;;;;;;;;;;;;;;;;;;;;;
Boissons;Alcools;LEFFE BRUNE 6,5°;96093;;PMC SAINTES / PROMOCASH;6 x 25 cl;;;;;;;;;;;;;;;;;;;;;;;
Desserts & pâtisserie;Desserts;POUDRE DE CACAO 100%;204297;;PMC SAINTES / PROMOCASH;250 g;;;;;;;;;;;;;;;;;;;;;;;
Produits laitiers & oeufs;Crèmerie;LAIT DE COCO MAKLI;88074;;PMC SAINTES / PROMOCASH;1 L;;;;;;;;;;;;;;;;;;;;;;;
Épicerie;Pâtisserie;PISTACHES ENTIERES DECORTIQUEES;616046;;PMC SAINTES / PROMOCASH;1 kg;;;;;;;;;;;;;;;;;;;;;;;
Produits laitiers & oeufs;Crèmerie;LAIT CONCENTRE SUCRE NESTLE;240001;;PMC SAINTES / PROMOCASH;397 g;;;;;;;;;;;;;;;;;;;;;;;
Fruits & légumes;Légumes;TOMATE SECHEE HUILE OLIVE;646152;;PMC SAINTES / PROMOCASH;200 g;;;;;;;;;;;;;;;;;;;;;;;
Viandes;Boeuf;PALERON DE BOEUF SOUS VIDE;388707;;PMC SAINTES / PROMOCASH;kg;;;;;;;;;;;;;;;;;;;;;;;
Boulangerie;Pains & assimilés;TORTILLAS DE BLE 30 CM;190188;;PMC SAINTES / PROMOCASH;1,8 kg;;;;;;;;;;;;;;;;;;;;;;;
Desserts & pâtisserie;Pâtes de base;PATE FEUILLETEE;424984;;PMC SAINTES / PROMOCASH;230 g;;;;;;;;;;;;;;;;;;;;;;;
Viandes;Porc;CHAIR A SAUCISSE PORC;424985;;PMC SAINTES / PROMOCASH;1 kg;;;;;;;;;;;;;;;;;;;;;;;
Produits laitiers & oeufs;Fromages;FETA GRECQUE AOP;408193;;PMC SAINTES / PROMOCASH;1 kg;;;;;;;;;;;;;;;;;;;;;;;
Produits laitiers & oeufs;Crèmerie;CREME EPAISSE 15%;396116;;PMC SAINTES / PROMOCASH;5 L;;;;;;;;;;;;;;;;;;;;;;;
Desserts & pâtisserie;Pâtes de base;PATE BRISEE;372420;;PMC SAINTES / PROMOCASH;230 g;;;;;;;;;;;;;;;;;;;;;;;
Fruits & légumes;Fruits;CITRON / CITRON VERT SAXO;79135;;PMC SAINTES / PROMOCASH;1 L;;;;;;;;;;;;;;;;;;;;;;;
Produits laitiers & oeufs;Crèmerie;CREME LIQUIDE UHT 35%;420033;;PMC SAINTES / PROMOCASH;1 L;;;;;;;;;;;;;;;;;;;;;;;
Pâtes riz & féculents;Pâtes et féculents;LASAGNE GRANDE PANZANI;608016;;PMC SAINTES / PROMOCASH;1 kg;;;;;;;;;;;;;;;;;;;;;;;
Fruits & légumes;Légumes;AIL HACHE;371374;;PMC SAINTES / PROMOCASH;1 kg;;;;;;;;;;;;;;;;;;;;;;;
Desserts & pâtisserie;Desserts;PREPARATION PANNA COTTA;397160;;PMC SAINTES / PROMOCASH;1 L;;;;;;;;;;;;;;;;;;;;;;;
Charcuteries;Charcuteries;LARDONS NATURE;424745;;PMC SAINTES / PROMOCASH;1 kg;;;;;;;;;;;;;;;;;;;;;;;
Pâtes riz & féculents;Pâtes et féculents;TAGLIATELLE PASTA DI LUIGI;424948;;PMC SAINTES / PROMOCASH;1 kg;;;;;;;;;;;;;;;;;;;;;;;
Épicerie;Légumes & conserves;PETITS POIS TRES FINS;369082;;PMC SAINTES / PROMOCASH;2,5 kg;;;;;;;;;;;;;;;;;;;;;;;
Poissons & fruits de mer;Fruits de mer;COCKTAIL FRUITS DE MER;370536;;PMC SAINTES / PROMOCASH;1 kg;;;;;;;;;;;;;;;;;;;;;;;
Fruits & légumes;Légumes;DELICE DE TOMATES SECHEES;340092;;PMC SAINTES / PROMOCASH;400 g;;;;;;;;;;;;;;;;;;;;;;;
Desserts & pâtisserie;Desserts;CHOCOLAT DESSERT 52%;206075;;PMC SAINTES / PROMOCASH;200 g;;;;;;;;;;;;;;;;;;;;;;;
Viandes;Volaille;FILET DE POULET UE;423228;;PMC SAINTES / PROMOCASH;2,5 kg;;;;;;;;;;;;;;;;;;;;;;;
Viandes;Porc;CARRE DE PORC AVEC OS;424163;;PMC SAINTES / PROMOCASH;kg;;;;;;;;;;;;;;;;;;;;;;;
Boissons;Alcools;CEP'RESIST SOUVIGNIER GRIS BLANC;CEPRESIST-SOUVIGNIER-BLANC;3412911049882;VIGNERONS DE TUTIAC;Carton 6 x 75 cl;;;;;;;;;;;;;;;;;;;;;;;
Boissons;Alcools;CEP'RESIST VIDOC ROUGE;CEPRESIST-VIDOC-ROUGE;3412911047383;VIGNERONS DE TUTIAC;Carton 6 x 75 cl;;;;;;;;;;;;;;;;;;;;;;;
Boissons;Alcools;CEP'RESIST SORELI BLANC;CEPRESIST-SORELI-BLANC;3412911050000;VIGNERONS DE TUTIAC;Carton 6 x 75 cl;;;;;;;;;;;;;;;;;;;;;;;
Boissons;Alcools;LES 18 BIZUTS ROUGE;18-BIZUTS-ROUGE;3412911048366;VIGNERONS DE TUTIAC;Carton 6 x 75 cl;;;;;;;;;;;;;;;;;;;;;;;
Boissons;Alcools;PERLE DE TUTIAC CREMANT BLANC;PERLE-TUTIAC;3412911035786;VIGNERONS DE TUTIAC;Carton 6 x 75 cl;;;;;;;;;;;;;;;;;;;;;;;
Boissons;Alcools;ODAÏGA ROSE;ODAIGA-ROSE;3412911049844;VIGNERONS DE TUTIAC;Carton 6 x 75 cl;;;;;;;;;;;;;;;;;;;;;;;
Boissons;Alcools;ODAÏGA BLANC;ODAIGA-BLANC;3412911047451;VIGNERONS DE TUTIAC;Carton 6 x 75 cl;;;;;;;;;;;;;;;;;;;;;;;
Boissons;Alcools;ORIGINES PONT D'AULAN SAUTERNES;ORIGINES-PONT-AULAN;3412911041862;VIGNERONS DE TUTIAC;Caisse bois 6 x 75 cl;;;;;;;;;;;;;;;;;;;;;;;
Boissons;Sans alcool;ORIGINES AU PIN BLAYE COTES DE BORDEAUX ROUGE;ORIGINES-AU-PIN;3412911046683;VIGNERONS DE TUTIAC;Caisse bois 6 x 75 cl;;;;;;;;;;;;;;;;;;;;;;;
Viandes;Porc;Chair à saucisses porc;;;E.LECLERC SAINT-JEAN-D'ANGELY;;;;;;;;;;;;;;;;;;;;;;;;
Viandes;Porc;Farce à légumes;;;E.LECLERC SAINT-JEAN-D'ANGELY;;;;;;;;;;;;;;;;;;;;;;;;
Viandes;Volaille;Filet de poulet blanc;;;E.LECLERC SAINT-JEAN-D'ANGELY;;;;;;;;;;;;;;;;;;;;;;;;
Viandes;Boeuf;Viande hachée;;;E.LECLERC SAINT-JEAN-D'ANGELY;;;;;;;;;;;;;;;;;;;;;;;;
Viandes;Canard;Filets de canard;;;E.LECLERC SAINT-JEAN-D'ANGELY;;;;;;;;;;;;;;;;;;;;;;;;
Poissons & fruits de mer;Fruits de mer;Crevette cuite 60/80;;;E.LECLERC SAINT-JEAN-D'ANGELY;;;;;;;;;;;;;;;;;;;;;;;;
Poissons & fruits de mer;Fruits de mer;Anneaux de calamars;;;E.LECLERC SAINT-JEAN-D'ANGELY;;;;;;;;;;;;;;;;;;;;;;;;
Poissons & fruits de mer;Fruits de mer;Anneaux d'encornets;;;E.LECLERC SAINT-JEAN-D'ANGELY;;;;;;;;;;;;;;;;;;;;;;;;
Viandes;Canard;Gésiers de canard confits;;;E.LECLERC SAINT-JEAN-D'ANGELY;;;;;;;;;;;;;;;;;;;;;;;;
Fruits & légumes;Salades;Jeunes pousses;;;E.LECLERC SAINT-JEAN-D'ANGELY;;;;;;;;;;;;;;;;;;;;;;;;
Fruits & légumes;Salades;Roquette;;;E.LECLERC SAINT-JEAN-D'ANGELY;;;;;;;;;;;;;;;;;;;;;;;;
Fruits & légumes;Salades;Mâche et roquette;;;E.LECLERC SAINT-JEAN-D'ANGELY;;;;;;;;;;;;;;;;;;;;;;;;
Fruits & légumes;Salades;Mâche et betterave;;;E.LECLERC SAINT-JEAN-D'ANGELY;;;;;;;;;;;;;;;;;;;;;;;;
Fruits & légumes;Salades;Mélange de saison;;;E.LECLERC SAINT-JEAN-D'ANGELY;;;;;;;;;;;;;;;;;;;;;;;;
Produits laitiers & oeufs;Crèmerie;Laitue romaine;;;E.LECLERC SAINT-JEAN-D'ANGELY;;;;;;;;;;;;;;;;;;;;;;;;
Fruits & légumes;Herbes fraîches;Aneth;;;E.LECLERC SAINT-JEAN-D'ANGELY;;;;;;;;;;;;;;;;;;;;;;;;
Fruits & légumes;Herbes fraîches;Menthe;;;E.LECLERC SAINT-JEAN-D'ANGELY;;;;;;;;;;;;;;;;;;;;;;;;
Fruits & légumes;Herbes fraîches;Persil;;;E.LECLERC SAINT-JEAN-D'ANGELY;;;;;;;;;;;;;;;;;;;;;;;;
Fruits & légumes;Herbes fraîches;Basilic;;;E.LECLERC SAINT-JEAN-D'ANGELY;;;;;;;;;;;;;;;;;;;;;;;;
Fruits & légumes;Fruits;Pastèque;;;E.LECLERC SAINT-JEAN-D'ANGELY;;;;;;;;;;;;;;;;;;;;;;;;
Fruits & légumes;Légumes;Tomates;;;E.LECLERC SAINT-JEAN-D'ANGELY;;;;;;;;;;;;;;;;;;;;;;;;
Fruits & légumes;Légumes;Tomates cerises;;;E.LECLERC SAINT-JEAN-D'ANGELY;;;;;;;;;;;;;;;;;;;;;;;;
Fruits & légumes;Légumes;Concombre;;;E.LECLERC SAINT-JEAN-D'ANGELY;;;;;;;;;;;;;;;;;;;;;;;;
Fruits & légumes;Légumes;Poivrons tricolores;;;E.LECLERC SAINT-JEAN-D'ANGELY;;;;;;;;;;;;;;;;;;;;;;;;
Fruits & légumes;Légumes;Poivron rouge;;;E.LECLERC SAINT-JEAN-D'ANGELY;;;;;;;;;;;;;;;;;;;;;;;;
Fruits & légumes;Légumes;Oignons jaunes;;;E.LECLERC SAINT-JEAN-D'ANGELY;;;;;;;;;;;;;;;;;;;;;;;;
Fruits & légumes;Légumes;Carottes;;;E.LECLERC SAINT-JEAN-D'ANGELY;;;;;;;;;;;;;;;;;;;;;;;;
Fruits & légumes;Légumes;Patate douce;;;E.LECLERC SAINT-JEAN-D'ANGELY;;;;;;;;;;;;;;;;;;;;;;;;
Fruits & légumes;Légumes;Aubergine;;;E.LECLERC SAINT-JEAN-D'ANGELY;;;;;;;;;;;;;;;;;;;;;;;;
Fruits & légumes;Fruits;Melon Charentais;;;E.LECLERC SAINT-JEAN-D'ANGELY;;;;;;;;;;;;;;;;;;;;;;;;
Fruits & légumes;Fruits;Kiwi;;;E.LECLERC SAINT-JEAN-D'ANGELY;;;;;;;;;;;;;;;;;;;;;;;;
Fruits & légumes;Fruits;Bananes;;;E.LECLERC SAINT-JEAN-D'ANGELY;;;;;;;;;;;;;;;;;;;;;;;;
Fruits & légumes;Fruits;Pommes;;;E.LECLERC SAINT-JEAN-D'ANGELY;;;;;;;;;;;;;;;;;;;;;;;;
Fruits & légumes;Fruits;Abricots;;;E.LECLERC SAINT-JEAN-D'ANGELY;;;;;;;;;;;;;;;;;;;;;;;;
Fruits & légumes;Fruits;Prunes;;;E.LECLERC SAINT-JEAN-D'ANGELY;;;;;;;;;;;;;;;;;;;;;;;;
Fruits & légumes;Légumes;Champignons de Paris;;;E.LECLERC SAINT-JEAN-D'ANGELY;;;;;;;;;;;;;;;;;;;;;;;;
Fruits & légumes;Fruits;Pommes de terre;;;E.LECLERC SAINT-JEAN-D'ANGELY;;;;;;;;;;;;;;;;;;;;;;;;
Fruits & légumes;Légumes;Avocat;;;E.LECLERC SAINT-JEAN-D'ANGELY;;;;;;;;;;;;;;;;;;;;;;;;
Fruits & légumes;Légumes;Courgette;;;E.LECLERC SAINT-JEAN-D'ANGELY;;;;;;;;;;;;;;;;;;;;;;;;
Fruits & légumes;Fruits;Citron jaune;;;E.LECLERC SAINT-JEAN-D'ANGELY;;;;;;;;;;;;;;;;;;;;;;;;
Produits laitiers & oeufs;Fromages;Mozzarella;;;E.LECLERC SAINT-JEAN-D'ANGELY;;;;;;;;;;;;;;;;;;;;;;;;
Produits laitiers & oeufs;Fromages;Mozzarella di Buffala;;;E.LECLERC SAINT-JEAN-D'ANGELY;;;;;;;;;;;;;;;;;;;;;;;;
Produits laitiers & oeufs;Fromages;Burrata;;;E.LECLERC SAINT-JEAN-D'ANGELY;;;;;;;;;;;;;;;;;;;;;;;;
Produits laitiers & oeufs;Fromages;Feta grecque AOP;;;E.LECLERC SAINT-JEAN-D'ANGELY;;;;;;;;;;;;;;;;;;;;;;;;
Produits laitiers & oeufs;Fromages;Saint-Marcellin;;;E.LECLERC SAINT-JEAN-D'ANGELY;;;;;;;;;;;;;;;;;;;;;;;;
Produits laitiers & oeufs;Fromages;Rocamadour;;;E.LECLERC SAINT-JEAN-D'ANGELY;;;;;;;;;;;;;;;;;;;;;;;;
Produits laitiers & oeufs;Fromages;Cottage cheese;;;E.LECLERC SAINT-JEAN-D'ANGELY;;;;;;;;;;;;;;;;;;;;;;;;
Produits laitiers & oeufs;Crèmerie;Crème fraîche entière;;;E.LECLERC SAINT-JEAN-D'ANGELY;;;;;;;;;;;;;;;;;;;;;;;;
Produits laitiers & oeufs;Crèmerie;Crème liquide;;;E.LECLERC SAINT-JEAN-D'ANGELY;;;;;;;;;;;;;;;;;;;;;;;;
Produits laitiers & oeufs;Crèmerie;Mascarpone;;;E.LECLERC SAINT-JEAN-D'ANGELY;;;;;;;;;;;;;;;;;;;;;;;;
Produits laitiers & oeufs;Crèmerie;Yaourt grec;;;E.LECLERC SAINT-JEAN-D'ANGELY;;;;;;;;;;;;;;;;;;;;;;;;
Produits laitiers & oeufs;Fromages;Fromage de chèvre;;;E.LECLERC SAINT-JEAN-D'ANGELY;;;;;;;;;;;;;;;;;;;;;;;;
Produits laitiers & oeufs;Fromages;Halloumi;;;E.LECLERC SAINT-JEAN-D'ANGELY;;;;;;;;;;;;;;;;;;;;;;;;
Produits laitiers & oeufs;Crèmerie;Beurre demi-sel;;;E.LECLERC SAINT-JEAN-D'ANGELY;;;;;;;;;;;;;;;;;;;;;;;;
Produits laitiers & oeufs;Oeufs;Œufs frais;;;E.LECLERC SAINT-JEAN-D'ANGELY;;;;;;;;;;;;;;;;;;;;;;;;
Charcuteries;Charcuteries;Chorizo doux;;;E.LECLERC SAINT-JEAN-D'ANGELY;;;;;;;;;;;;;;;;;;;;;;;;
Charcuteries;Charcuteries;Chorizo fort;;;E.LECLERC SAINT-JEAN-D'ANGELY;;;;;;;;;;;;;;;;;;;;;;;;
Desserts & pâtisserie;Pâtes de base;Pâte brisée;;;E.LECLERC SAINT-JEAN-D'ANGELY;;;;;;;;;;;;;;;;;;;;;;;;
Pâtes riz & féculents;Pâtes et féculents;Feuilles de lasagnes fraîches;;;E.LECLERC SAINT-JEAN-D'ANGELY;;;;;;;;;;;;;;;;;;;;;;;;
Boulangerie;Pains & assimilés;Baguette;;;E.LECLERC SAINT-JEAN-D'ANGELY;;;;;;;;;;;;;;;;;;;;;;;;
Épicerie;Légumes & conserves;Pois chiches;;;E.LECLERC SAINT-JEAN-D'ANGELY;;;;;;;;;;;;;;;;;;;;;;;;
Épicerie;Légumes & conserves;Olives noires;;;E.LECLERC SAINT-JEAN-D'ANGELY;;;;;;;;;;;;;;;;;;;;;;;;
Produits laitiers & oeufs;Crèmerie;Crème balsamique;;;E.LECLERC SAINT-JEAN-D'ANGELY;;;;;;;;;;;;;;;;;;;;;;;;
Pâtes riz & féculents;Pâtes et féculents;Riz rond;;;E.LECLERC SAINT-JEAN-D'ANGELY;;;;;;;;;;;;;;;;;;;;;;;;
Épicerie;Épices & assaisonnements;Mélange pour paella;;;E.LECLERC SAINT-JEAN-D'ANGELY;;;;;;;;;;;;;;;;;;;;;;;;
Épicerie;Pâtisserie;Sucre en poudre;;;E.LECLERC SAINT-JEAN-D'ANGELY;;;;;;;;;;;;;;;;;;;;;;;;
Boissons;Sans alcool;Jus d'orange;;;E.LECLERC SAINT-JEAN-D'ANGELY;;;;;;;;;;;;;;;;;;;;;;;;
Boissons;Sans alcool;BIB 3 LITRES RHUM DAMOISEAU;ART00000299;;SARL BBL;BIB 3 litres;;;;;;;;;;;;;;;;;;;;;;;
